"id","number","identifier","name","alias","party","votes","state_name","state_uf","state_votes"
1,1101,10001621643,"MARIA DO SOCORRO NERI MEDEIROS DE SOUZA","SOCORRO NERI","PP",25842,"ACRE","AC",434253
2,4455,10001612486,"ROZIMEIRE RIBEIRO ANDRADE","MEIRE SERAFIM","UNIÃO",21285,"ACRE","AC",434253
3,4422,10001612487,"ULYSSES FREITAS PEREIRA DE ARAUJO","CORONEL ULYSSES","UNIÃO",21075,"ACRE","AC",434253
4,1111,10001621650,"GEHLEN DINIZ ANDRADE","GERLEN DINIZ","PP",19560,"ACRE","AC",434253
5,1000,10001619990,"ANTÔNIA LUCILEIA CRUZ RAMOS CAMARA","ANTÔNIA LUCIA","REPUBLICANOS",16280,"ACRE","AC",434253
6,4444,20001611726,"ALFREDO GASPAR DE MENDONÇA NETO","ALFREDO GASPAR","UNIÃO",102039,"ALAGOAS","AL",1650763
7,4343,20001610335,"LUCIANO SURUAGY DO AMARAL FILHO","LUCIANO AMARAL","PV",101508,"ALAGOAS","AL",1650763
8,1199,20001614180,"MARX BELTRÃO LIMA SIQUEIRA","MARX BELTRÃO","PP",88512,"ALAGOAS","AL",1650763
9,1515,20001653892,"ISNALDO BULHÕES BARROS JÚNIOR","ISNALDO BULHÕES JR","MDB",83965,"ALAGOAS","AL",1650763
10,1313,20001610332,"PAULO FERNANDO DOS SANTOS","PAULÃO","PT",65814,"ALAGOAS","AL",1650763
11,1155,20001614181,"DANIEL BARBOSA DE ALMEIDA SILVA","DANIEL BARBOSA","PP",63385,"ALAGOAS","AL",1650763
12,1190,20001614182,"FABIO MICHEY COSTA DA SILVA","DELEGADO FABIO COSTA","PP",60767,"ALAGOAS","AL",1650763
13,1510,20001653888,"RAFAEL DE GOES BRITO","RAFAEL BRITO (TIO RAFA)","MDB",58134,"ALAGOAS","AL",1650763
14,1212,30001601832,"JOSENILDO SANTOS ABRANTES","JOSENILDO","PDT",27112,"AMAPÁ","AP",423017
15,1515,30001605451,"ACÁCIO DA SILVA FAVACHO NETO","ACÁCIO FAVACHO","MDB",24064,"AMAPÁ","AP",423017
16,2222,30001648512,"VINICIUS DE AZEVEDO GURGEL","VINICIUS GURGEL","PL",13253,"AMAPÁ","AP",423017
17,1222,30001601831,"DORINALDO BARBOSA MALAFAIA","DORINALDO MALAFAIA","PDT",11473,"AMAPÁ","AP",423017
18,2225,30001648516,"SONIZE PIMENTEL DOS SANTOS BARBOSA","SONIZE BARBOSA","PL",9200,"AMAPÁ","AP",423017
19,1122,10001621646,"JOSÉ ESTEPHAN BARBARY FILHO","ZEZINHO BARBARY","PP",19958,"ACRE","AC",434253
20,4488,10001612484,"EDUARDO OVIDIO BORGES DE VELLOSO VIANNA","DR EDUARDO VELLOSO","UNIÃO",16786,"ACRE","AC",434253
21,1234,30001601833,"MARIA GORETH DA SILVA E SOUSA","PROFESSORA GORETH","PDT",8409,"AMAPÁ","AP",423017
22,1510,30001605452,"JOSÉ AUGUSTO PUPIO REIS JÚNIOR","DR. PUPIO","MDB",5787,"AMAPÁ","AP",423017
23,2210,30001648510,"SILVIA NOBRE LOPES","SILVIA WAIÃPI","PL",5435,"AMAPÁ","AP",423017
25,2323,40001719165,"AMOM MANDEL LINS FILHO","AMOM MANDEL","CIDADANIA",288555,"AMAZONAS","AM",1976477
24,1111,20001614175,"ARTHUR CESAR PEREIRA DE LIRA","ARTHUR LIRA","PP",219452,"ALAGOAS","AL",1650763
26,2210,40001612948,"ALBERTO BARROS CAVALCANTE NETO","CAPITÃO ALBERTO NETO","PL",147846,"AMAZONAS","AM",1976477
27,1010,10001619993,"ROBERTO DUARTE JUNIOR","ROBERTO DUARTE","REPUBLICANOS",14522,"ACRE","AC",434253
28,4455,40001618446,"SAULLO VELAME VIANNA","SAULLO VIANNA","UNIÃO",127287,"AMAZONAS","AM",1976477
29,1010,40001609377,"SILAS CÂMARA","SILAS CÂMARA","REPUBLICANOS",125068,"AMAZONAS","AM",1976477
30,5525,40001609233,"ATILA SIDNEY LINS DE ALBUQUERQUE","ATILA LINS","PSD",102401,"AMAZONAS","AM",1976477
31,5555,40001609236,"SIDNEY RICARDO DE OLIVEIRA LEITE","SIDNEY LEITE","PSD",102181,"AMAZONAS","AM",1976477
32,1000,40001609376,"ADAIL JOSÉ FIGUEIREDO PINHEIRO","ADAIL FILHO","REPUBLICANOS",90028,"AMAZONAS","AM",1976477
33,4477,40001618451,"FAUSTO VIEIRA DOS SANTOS JÚNIOR","FAUSTO SANTOS JR","UNIÃO",87876,"AMAZONAS","AM",1976477
34,5588,50001607228,"OTTO ROBERTO MENDONCA DE ALENCAR FILHO","OTTO FILHO","PSD",200909,"BAHIA","BA",7958431
35,4433,50001634583,"ELMAR JOSE VIEIRA NASCIMENTO","ELMAR NASCIMENTO","UNIÃO",175439,"BAHIA","BA",7958431
36,5500,50001607221,"DIEGO HENRIQUE SILVA CERQUEIRA MARTINS","DIEGO CORONEL","PSD",171684,"BAHIA","BA",7958431
37,5510,50001607229,"ANTONIO LUIZ PARANHOS RIBEIRO LEITE DE BRITO","ANTONIO BRITO","PSD",165386,"BAHIA","BA",7958431
38,1144,50001621029,"ORLANDO SULZ DE ALMEIDA NETO","NETO CARLETTO","PP",164655,"BAHIA","BA",7958431
39,2222,50001609349,"ROBERTA DE ARAÚJO COSTA ROMA","ROBERTA ROMA","PL",160731,"BAHIA","BA",7958431
40,1122,50001621019,"CLAUDIO CAJADO SAMPAIO","CLAUDIO CAJADO","PP",154098,"BAHIA","BA",7958431
41,1111,50001621035,"MÁRIO SÍLVIO MENDES NEGROMONTE JÚNIOR","MÁRIO NEGROMONTE JR","PP",147711,"BAHIA","BA",7958431
42,1244,50001620881,"LEONARDO SILVA PRATES","LÉO PRATES","PDT",143763,"BAHIA","BA",7958431
43,4488,50001634594,"ADALBERTO ROSA BARRETO","DEPUTADO DAL","UNIÃO",140435,"BAHIA","BA",7958431
44,5577,50001607226,"GABRIEL JOSE MOURA NUNES SOARES","GABRIEL NUNES","PSD",138448,"BAHIA","BA",7958431
45,4400,50001634593,"PAULO VELLOSO DANTAS AZI","PAULO AZI","UNIÃO",137383,"BAHIA","BA",7958431
46,1555,50001614047,"RICARDO MAIA CHAVES DE SOUZA","RICARDO MAIA","MDB",136834,"BAHIA","BA",7958431
47,1313,50001605359,"JORGE JOSE SANTOS PEREIRA SOLLA","JORGE SOLLA","PT",128968,"BAHIA","BA",7958431
48,1323,50001605365,"JOSÉ CERQUEIRA DE SANTANA NETO","ZÉ NETO","PT",128439,"BAHIA","BA",7958431
49,6565,50001605367,"DANIEL GOMES DE ALMEIDA","DANIEL","PC do B",125374,"BAHIA","BA",7958431
50,6522,50001605368,"ALICE MAZZUCO PORTUGAL","ALICE PORTUGAL","PC do B",124358,"BAHIA","BA",7958431
51,4545,50001613575,"ADOLFO VIANA DE CASTRO NETO","ADOLFO VIANA","PSDB",123199,"BAHIA","BA",7958431
52,1010,50001619869,"MARCIO CARLOS MARINHO","MARCIO MARINHO","REPUBLICANOS",118904,"BAHIA","BA",7958431
53,1301,50001605378,"AFONSO BANDEIRA FLORENCE","AFONSO FLORENCE","PT",118021,"BAHIA","BA",7958431
54,5580,50001607223,"SÉRGIO LUÍS LACERDA BRITO","SÉRGIO BRITO","PSD",116960,"BAHIA","BA",7958431
55,1322,50001605361,"WALDENOR ALVES PEREIRA FILHO","WALDENOR PEREIRA","PT",113110,"BAHIA","BA",7958431
56,4040,50001606032,"LÍDICE DA MATA E SOUZA","LÍDICE DA MATA","PSB",112385,"BAHIA","BA",7958431
57,4343,50001605351,"JOÃO CARLOS BACELAR BATISTA","BACELAR","PV",110787,"BAHIA","BA",7958431
58,4412,50001634596,"ARTHUR DE OLIVEIRA MAIA DA SILVA","ARTHUR MAIA","UNIÃO",108672,"BAHIA","BA",7958431
59,5529,50001607232,"PAULO SÉRGIO PARANHOS DE MAGALHÃES","PAULO MAGALHÃES","PSD",107093,"BAHIA","BA",7958431
60,1023,50001619864,"ALEX MARCO SANTANA SOUSA","ALEX SANTANA","REPUBLICANOS",106940,"BAHIA","BA",7958431
61,1300,50001605353,"IVONEIDE SOUZA CAETANO","IVONEIDE CAETANO","PT",105885,"BAHIA","BA",7958431
72,1919,50001615380,"RAIMUNDO MAGALHÃES COSTA","RAIMUNDO COSTA","PODE",53486,"BAHIA","BA",7958431
82,1233,60001603485,"MARCOS ROBÉRIO RIBEIRO MONTEIRO","ROBÉRIO MONTEIRO","PDT",151030,"CEARÁ","CE",5108239
93,2277,60001614163,"JAZIEL PEREIRA DE SOUSA","DR JAZIEL","PL",79358,"CEARÁ","CE",5108239
99,1010,70001615670,"JULIO CESAR RIBEIRO","JULIO CESAR","REPUBLICANOS",76274,"DISTRITO FEDERAL","DF",1607519
112,1044,80001604529,"MANOEL MESSIAS DONATO BEZERRA","MESSIAS DONATO","REPUBLICANOS",42640,"ESPÍRITO SANTO","ES",2084430
119,1111,90001700983,"ADRIANO ANTONIO AVELAR","ADRIANO DO BALDY","PP",95518,"GOIÁS","GO",3440515
129,4545,90001621634,"LÊDA BORGES DE MOURA","LÊDA BORGES","PSDB",51346,"GOIÁS","GO",3440515
139,6513,100001613708,"MARCIO JERRY SARAIVA BARROSO","MARCIO JERRY","PC do B",106143,"MARANHÃO","MA",3706498
148,4400,110001612770,"FÁBIO PAULINO GARCIA","FÁBIO GARCIA","UNIÃO",98704,"MATO GROSSO","MT",1730277
158,4567,120001612324,"GERALDO RESENDE PEREIRA","DR. GERALDO RESENDE","PSDB",96519,"MATO GROSSO DO SUL","MS",1356862
168,1313,130001607258,"ROGÉRIO CORREIA DE MOURA BAPTISTA","ROGÉRIO CORREIA","PT",185918,"MINAS GERAIS","MG",11181098
178,1010,130001619779,"GILBERTO APARECIDO ABRAMO","GILBERTO ABRAMO","REPUBLICANOS",123370,"MINAS GERAIS","MG",11181098
191,2260,130001611016,"DOMINGOS SÁVIO CAMPOS RESENDE","DOMINGOS SÁVIO","PL",90236,"MINAS GERAIS","MG",11181098
203,1199,130001615412,"ANA PAULA PROCOPIO JUNQUEIRA","ANA PAULA JUNQUEIRA LEAO","PP",77990,"MINAS GERAIS","MG",11181098
216,2217,130001611029,"MARCELO HENRIQUE TEIXEIRA DIAS","MARCELO ÁLVARO ANTÔNIO","PL",31025,"MINAS GERAIS","MG",11181098
222,4444,160001654655,"LUIS FELIPE BONATTO FRANCISCHINI","FELIPE FRANCISCHINI","UNIÃO",164342,"PARANÁ","PR",6038588
232,4040,160001621821,"LUCIANO DUCCI","LUCIANO DUCCI","PSB",95521,"PARANÁ","PR",6038588
242,2277,160001622020,"NELSI COGUETTO MARIA","VERMELHO","PL",70790,"PARANÁ","PR",6038588
252,1044,150001619544,"CÁSSIO MURILO GALDINO DE ARAÚJO","MURILO GALDINO","REPUBLICANOS",112891,"PARAÍBA","PB",2190544
261,1515,140001621343,"ELCIONE THEREZINHA ZAHLUTH BARBALHO","ELCIONE","MDB",175498,"PARÁ","PA",4521516
270,2200,140001598308,"JOAQUIM PASSARINHO PINTO DE SOUZA PORTO","JOAQUIM PASSARINHO","PL",122553,"PARÁ","PA",4521516
280,4401,170001609122,"FERNANDO BEZERRA DE SOUZA COELHO FILHO","FERNANDO FILHO","UNIÃO",155305,"PERNAMBUCO","PE",4969863
290,1190,170001618622,"FERNANDO MONTEIRO DE ALBUQUERQUE","FERNANDO MONTEIRO","PP",99751,"PERNAMBUCO","PE",4969863
302,1313,180001610755,"FRANCISCO DE ASSIS DE OLIVEIRA COSTA","DR. FRANCISCO","PT",128080,"PIAUÍ","PI",1957483
310,5515,180001602554,"MARCOS AURELIO PADUA RIBEIRO GONÇALVES DE SAMPAIO","MARCOS AURELIO SAMPAIO","PSD",79987,"PIAUÍ","PI",1957483
320,2220,190001596786,"HELIO FERNANDO BARBOSA LOPES","HELIO FERNANDO BARBOSA LOPES","PL",132986,"RIO DE JANEIRO","RJ",8571572
330,9090,190001606579,"MAX RODRIGUES LEMOS","MAX","PROS",89507,"RIO DE JANEIRO","RJ",8571572
340,4400,190001619517,"ROGÉRIO TEIXEIRA JUNIOR","JUNINHO DO PNEU","UNIÃO",70660,"RIO DE JANEIRO","RJ",8571572
350,4452,190001619499,"MURILLO GOUVÊA RODRIGUES","MURILLO GOUVEA","UNIÃO",49921,"RIO DE JANEIRO","RJ",8571572
359,1307,210001604668,"PAULO ROBERTO SEVERO PIMENTA","PAULO PIMENTA","PT",223109,"RIO GRANDE DO SUL","RS",6149822
371,1166,210001646689,"JOSÉ ALFONSO EBERT HAMM","AFONSO HAMM","PP",109123,"RIO GRANDE DO SUL","RS",6149822
378,6565,210001604641,"DAIANA SILVA DOS SANTOS","DAIANA SANTOS","PC do B",88107,"RIO GRANDE DO SUL","RS",6149822
389,2200,220001643593,"SILVIA CRISTINA AMANCIO CHAGAS","SILVIA CRISTINA","PL",65012,"RONDÔNIA","RO",869148
397,1515,230001602806,"MARIA HELENA TEIXEIRA LIMA","HELENA DA ASATUR","MDB",15848,"RORAIMA","RR",291505
407,1313,240001645213,"ANA PAULA DE SOUZA LIMA","ANA PAULA LIMA","PT",148781,"SANTA CATARINA","SC",3969848
417,2220,240001610976,"MARCOS ANTONIO PEREIRA GOMES","ZÉ TROVÃO","PL",71140,"SANTA CATARINA","SC",3969848
425,1133,260001633055,"JOSE THIAGO ALVES DE CARVALHO","THIAGO DE JOALDO","PP",45698,"SERGIPE","SE",1125093
437,1500,250001611227,"MARIO PALUMBO JUNIOR","DELEGADO PALUMBO","MDB",254898,"SÃO PAULO","SP",23286943
445,4400,250001602030,"ROSANGELA MARIA WOLFF DE QUADROS MORO","ROSÂNGELA MORO","UNIÃO",217170,"SÃO PAULO","SP",23286943
457,2233,250001611351,"PAULO ROBERTO FREIRE DA COSTA","PAULO FREIRE DA COSTA","PL",161675,"SÃO PAULO","SP",23286943
464,1370,250001610674,"CARLOS ALBERTO ROLIM ZARATTINI","CARLOS ZARATTINI","PT",147349,"SÃO PAULO","SP",23286943
477,2345,250001612102,"ARNALDO CALIL PEREIRA JARDIM","ARNALDO JARDIM","CIDADANIA",113462,"SÃO PAULO","SP",23286943
487,1520,250001611242,"SIMONE APARECIDA CURRALADAS DOS SANTOS","SIMONE MARQUETTO","MDB",97730,"SÃO PAULO","SP",23286943
496,2247,250001611327,"PAULO FRANCISCO MUNIZ BILYNSKYJ","DELEGADO PAULO BILYNSKYJ","PL",72156,"SÃO PAULO","SP",23286943
505,1145,270001643406,"LAZARO BOTELHO MARTINS","LAZARO BOTELHO","PP",13668,"TOCANTINS","TO",830140
62,1361,50001605369,"JOSEILDO RIBEIRO RAMOS","JOSEILDO RAMOS","PT",104228,"BAHIA","BA",7958431
73,2222,60001614161,"ANDRÉ FERNANDES DE MOURA","ANDRÉ FERNANDES","PL",229509,"CEARÁ","CE",5108239
81,1111,60001619170,"ANTONIO JOSÉ AGUIAR ALBUQUERQUE","AJ ALBUQUERQUE","PP",155456,"CEARÁ","CE",5108239
90,2211,60001614155,"YURY BRUNO ALENCAR ARAÚJO","YURY DO PAREDÃO","PL",90425,"CEARÁ","CE",5108239
100,4343,70001595684,"REGINALDO VERAS COELHO","PROFESSOR REGINALDO VERAS","PV",54557,"DISTRITO FEDERAL","DF",1607519
108,1900,80001604731,"VICTOR GAROZI LINHALIS","DR. VICTOR","PODE",53483,"ESPÍRITO SANTO","ES",2084430
120,1599,90001621109,"CÉLIO ANTÔNIO DA SILVEIRA","CÉLIO SILVEIRA","MDB",92469,"GOIÁS","GO",3440515
132,2222,100001603114,"JOSIMAR CUNHA RODRIGUES","JOSIMAR MARANHÃOZINHO","PL",158360,"MARANHÃO","MA",3706498
142,2200,100001603111,"JOSÉ LOURENÇO BONFIM JÚNIOR","JÚNIOR LOURENÇO","PL",93123,"MARANHÃO","MA",3706498
153,2202,110001612762,"AMÁLIA SCUDELER DE BARROS SANTOS","AMÁLIA BARROS","PL",70294,"MATO GROSSO","MT",1730277
163,2211,120001614260,"RODOLFO OLIVEIRA NOGUEIRA","RODOLFO NOGUEIRA","PL",41773,"MATO GROSSO DO SUL","MS",1356862
173,4445,130001607619,"RAFAEL TADEU SIMÕES","RAFAEL SIMOES","UNIÃO",144924,"MINAS GERAIS","MG",11181098
181,2240,130001611018,"EMIDIO ALVES MADEIRA JUNIOR","EMIDINHO MADEIRA","PL",119101,"MINAS GERAIS","MG",11181098
187,5088,130001615168,"CÉLIA NUNES CORREA","CÉLIA XAKRIABÁ","PSOL",101154,"MINAS GERAIS","MG",11181098
198,5152,130001596003,"FREDERICO DE CASTRO ESCALEIRA","DR. FREDERICO","PATRIOTA",84771,"MINAS GERAIS","MG",11181098
209,5500,130001604306,"LUIZ FERNANDO RAMOS FARIA","LUIZ FERNANDO","PSD",68550,"MINAS GERAIS","MG",11181098
217,1919,160001654827,"DELTAN MARTINAZZO DALLAGNOL","DELTAN DALLAGNOL","PODE",344917,"PARANÁ","PR",6038588
229,1111,160001603295,"PEDRO DEBONI LUPION MELLO","PEDRO LUPION","PP",109043,"PARANÁ","PR",6038588
239,9090,160001621909,"ANTONIO WANDSCHEER","TONINHO WANDSCHEER","PROS",74263,"PARANÁ","PR",6038588
247,1011,150001619545,"HUGO MOTTA WANDERLEY DA NOBREGA","HUGO MOTTA","REPUBLICANOS",158171,"PARAÍBA","PB",2190544
256,4040,150001621679,"GERVASIO AGRIPINO MAIA","GERVASIO MAIA","PSB",69405,"PARAÍBA","PB",2190544
266,4444,140001604547,"CELSO SABINO DE OLIVEIRA","CELSO SABINO","UNIÃO",142326,"PARÁ","PA",4521516
276,2222,170001609080,"ANDRÉ FERREIRA RODRIGUES","ANDRÉ FERREIRA","PL",273267,"PERNAMBUCO","PE",4969863
287,1555,170001613278,"IZA PAULA DE DEUS E MELLO ALBUQUERQUE ARRUDA","IZA ARRUDA","MDB",103950,"PERNAMBUCO","PE",4969863
295,2210,170001609070,"LUIZ DE FRANÇA E SILVA MEIRA","CORONEL MEIRA","PL",78941,"PERNAMBUCO","PE",4969863
306,1310,180001610762,"FLORENTINO ALVES VERAS NETO","FLORENTINO NETO","PT",105739,"PIAUÍ","PI",1957483
314,1177,190001605591,"LUIZ ANTONIO DE SOUZA TEIXEIRA JUNIOR","DOUTOR LUIZINHO","PP",190071,"RIO DE JANEIRO","RJ",8571572
325,1313,190001619235,"WASHINGTON LUIZ CARDOSO SIQUEIRA","WASHINGTON QUAQUÁ","PT",113282,"RIO DE JANEIRO","RJ",8571572
334,4401,190001619502,"JOÃO FRANCISCO INÁCIO BRAZÃO","CHIQUINHO BRAZÃO","UNIÃO",77367,"RIO DE JANEIRO","RJ",8571572
345,2217,190001596777,"ALEXANDRE RAMAGEM RODRIGUES","DELEGADO RAMAGEM","PL",59170,"RIO DE JANEIRO","RJ",8571572
352,4444,190001619500,"MARCOS BEZERRA RIBEIRO SOARES","MARCOS RR SOARES","UNIÃO",43533,"RIO DE JANEIRO","RJ",8571572
364,1320,210001604645,"ELVINO JOSÉ BOHN GASS","BOHN GASS","PT",131881,"RIO GRANDE DO SUL","RS",6149822
374,1212,210001621272,"DARCI POMPEO DE MATTOS","POMPEO DE MATTOS","PDT",100113,"RIO GRANDE DO SUL","RS",6149822
383,4500,210001620060,"DANIEL TRZECIAK DUARTE","DANIEL TRZECIAK &apos;DANIEL DA TV&apos;","PSDB",77232,"RIO GRANDE DO SUL","RS",6149822
395,4429,220001605553,"JOSÉ EURIPEDES CLEMENTE","LEBRÃO","UNIÃO",12607,"RONDÔNIA","RO",869148
403,4420,230001595283,"RAIMUNDO DINIZ ARAÚJO","PASTOR DINIZ","UNIÃO",8243,"RORAIMA","RR",291505
414,2210,240001610968,"DANIELA CRISTINA REINEHR","DANIELA REINEHR","PL",84631,"SANTA CATARINA","SC",3969848
422,5555,260001619673,"FABIO DE ALMEIDA REIS","FABIO REIS","PSD",75848,"SERGIPE","SE",1125093
432,1111,250001611973,"BRUNO MARCELLO DE OLIVEIRA LIMA","DELEGADO BRUNO LIMA","PP",461217,"SÃO PAULO","SP",23286943
440,1515,250001611251,"LUIZ FELIPE BALEIA TENUTO ROSSI","BALEIA ROSSI","MDB",236463,"SÃO PAULO","SP",23286943
449,4425,250001602036,"ALEXANDRE LEITE DA SILVA","ALEXANDRE LEITE","UNIÃO",192806,"SÃO PAULO","SP",23286943
460,5088,250001613792,"SÔNIA BONE DE SOUSA SILVA SANTOS","SÔNIA GUAJAJARA","PSOL",156966,"SÃO PAULO","SP",23286943
470,5512,250001604967,"RICARDO AUGUSTO MACHADO DA SILVA","RICARDO SILVA","PSD",133936,"SÃO PAULO","SP",23286943
479,7780,250001606067,"MARCELO DE LIMA FERNANDES","MARCELO LIMA","SOLIDARIEDADE",110430,"SÃO PAULO","SP",23286943
486,4500,250001612116,"CARLOS HENRIQUE FOCESI SAMPAIO","CARLOS SAMPAIO","PSDB",98102,"SÃO PAULO","SP",23286943
497,2255,250001611321,"FRANCISCO EVERARDO TIRIRICA OLIVEIRA SILVA","TIRIRICA","PL",71754,"SÃO PAULO","SP",23286943
63,1115,50001621034,"JOÃO FELIPE DE SOUZA LEÃO","JOÃO LEÃO","PP",102376,"BAHIA","BA",7958431
71,1234,50001620846,"FELIX DE ALMEIDA MENDONCA JUNIOR","FELIX  MENDONÇA","PDT",71774,"BAHIA","BA",7958431
83,2299,60001614168,"MATHEUS SOARES NORONHA","MATHEUS NORONHA","PL",150823,"CEARÁ","CE",5108239
92,1333,60001619120,"JOSE AIRTON FELIX CIRILO DA SILVA","JOSE AIRTON","PT",82274,"CEARÁ","CE",5108239
103,1350,80001719429,"HELDER IGNÁCIO SALOMÃO","HELDER SALOMÃO","PT",120337,"ESPÍRITO SANTO","ES",2084430
109,1010,80001604531,"AMARO ROCHA NASCIMENTO NETO","AMARO NETO","REPUBLICANOS",52375,"ESPÍRITO SANTO","ES",2084430
121,2250,90001652505,"ALCIDES RIBEIRO FILHO","PROFESSOR ALCIDES","PL",90162,"GOIÁS","GO",3440515
130,2233,100001603115,"MARIA DEUSDETE LIMA CUNHA RODRIGUES","DETINHA","PL",161206,"MARANHÃO","MA",3706498
140,1515,100001599082,"ROSEANA SARNEY MURAD","ROSEANA SARNEY","MDB",97008,"MARANHÃO","MA",3706498
150,2210,110001612757,"JOSÉ ANTÔNIO DOS SANTOS MEDEIROS","JOSÉ MEDEIROS","PL",82182,"MATO GROSSO","MT",1730277
160,1367,120001652588,"CAMILA BAZACHI JARA MARZOCHI","CAMILA JARA","PT",56552,"MATO GROSSO DO SUL","MS",1356862
170,5133,130001596009,"FREDERICO BORGES DA COSTA","FRED COSTA","PATRIOTA",158453,"MINAS GERAIS","MG",11181098
184,4545,130001613373,"PAULO ABI-ACKEL","PAULO ABI-ACKEL","PSDB",105383,"MINAS GERAIS","MG",11181098
196,1315,130001607276,"JOÃO CARLOS SIQUEIRA","PADRE JOÃO","PT",85718,"MINAS GERAIS","MG",11181098
202,1363,130001607248,"JOSÉ LEONARDO COSTA MONTEIRO","LEONARDO MONTEIRO","PT",81008,"MINAS GERAIS","MG",11181098
211,2244,130001611024,"SAMUEL JOSÉ RODRIGUES DE VIANA","SAMUEL VIANA","PL",62704,"MINAS GERAIS","MG",11181098
224,2222,160001622024,"FERNANDO LUCIO GIACOBO","GIACOBO","PL",152342,"PARANÁ","PR",6038588
231,1512,160001614556,"SERGIO DE SOUZA","SÉRGIO SOUZA","MDB",105661,"PARANÁ","PR",6038588
243,1000,160001654834,"DIEGO ALEXSANDER GONÇALO PAULA GARCIA","DIEGO GARCIA","REPUBLICANOS",65416,"PARANÁ","PR",6038588
253,2222,150001718233,"JOSÉ WELLINGTON ROBERTO","WELLINGTON ROBERTO","PL",109067,"PARAÍBA","PB",2190544
263,1577,140001621348,"RENILCE CONCEIÇÃO NICODEMOS DE ALBUQUERQUE","RENILCE NICODEMOS","MDB",162208,"PARÁ","PA",4521516
274,1522,140001621349,"HENDERSON LIRA PINTO","HENDERSON PINTO","MDB",74746,"PARÁ","PA",4521516
283,1314,170001609028,"JOSE CARLOS VERAS DOS SANTOS","CARLOS VERAS","PT",127482,"PERNAMBUCO","PE",4969863
292,1100,170001618620,"LUIZ EDUARDO DE QUEIROZ CAMPOS DA FONTE ALBUQUERQUE","LULA DA FONTE","PP",94122,"PERNAMBUCO","PE",4969863
299,2233,170001609086,"FERNANDO RODOLFO TENORIO DE VASCONCELOS","FERNANDO RODOLFO","PL",60088,"PERNAMBUCO","PE",4969863
312,2212,190001596794,"EDUARDO PAZUELLO","GENERAL  PAZUELLO","PL",205324,"RIO DE JANEIRO","RJ",8571572
319,1516,190001644983,"GUTEMBERG REIS DE OLIVEIRA","GUTEMBERG REIS","MDB",133612,"RIO DE JANEIRO","RJ",8571572
332,6565,190001619224,"JANDIRA FEGHALI","JANDIRA FEGHALI","PC do B",84054,"RIO DE JANEIRO","RJ",8571572
342,2277,190001596769,"SÓSTENES SILVA CAVALCANTE","SÓSTENES CAVALCANTE","PL",65443,"RIO DE JANEIRO","RJ",8571572
356,1911,190001609683,"JOSE PORTUGAL NETO","SARGENTO PORTUGAL","PODE",33368,"RIO DE JANEIRO","RJ",8571572
363,1922,210001596133,"MAURICIO BEDIN MARCON","MAURICIO MARCON","PODE",140634,"RIO GRANDE DO SUL","RS",6149822
375,1520,210001647870,"MARCIO DELLA VALLE BIOLCHI","MARCIO BIOLCHI","MDB",99627,"RIO GRANDE DO SUL","RS",6149822
386,1333,210001604642,"DENISE DA SILVA PESSÔA","DENISE PESSÔA","PT",44241,"RIO GRANDE DO SUL","RS",6149822
393,1522,220001604141,"THIAGO LEITE FLORES PEREIRA","THIAGO FLORES","MDB",23791,"RONDÔNIA","RO",869148
405,1350,240001645211,"PEDRO FRANCISCO UCZAI","PROFESSOR PEDRO UCZAI","PT",173531,"SANTA CATARINA","SC",3969848
416,5511,240001611144,"RICARDO ZANATTA GUIDI","RICARDO GUIDI","PSD",74066,"SANTA CATARINA","SC",3969848
428,5010,250001613761,"GUILHERME CASTRO BOULOS","GUILHERME BOULOS","PSOL",1001472,"SÃO PAULO","SP",23286943
436,5070,250001613814,"ERIKA SANTOS SILVA","ERIKA HILTON","PSOL",256903,"SÃO PAULO","SP",23286943
447,2323,250001612129,"ALEX SPINELLI MANENTE","ALEX MANENTE","CIDADANIA",196866,"SÃO PAULO","SP",23286943
458,1380,250001610654,"JILMAR AUGUSTINHO TATTO","JILMAR TATTO","PT",157843,"SÃO PAULO","SP",23286943
466,5577,250001604948,"ANTONIO CEZAR CORREIA FREIRE","CEZINHA DE MADUREIRA","PSD",143434,"SÃO PAULO","SP",23286943
475,1599,250001611244,"ALBERTO PEREIRA MOURÃO","ALBERTO MOURÃO","MDB",114234,"SÃO PAULO","SP",23286943
484,2244,250001611345,"LUIZ CARLOS MOTTA","MOTTA","PL",104701,"SÃO PAULO","SP",23286943
495,1123,250001611957,"FAUSTO RUY PINATO","FAUSTO PINATO","PP",72169,"SÃO PAULO","SP",23286943
64,2238,50001609344,"ALDEN JOSÉ LÁZARO DA SILVA","CAPITÃO ALDEN","PL",95151,"BAHIA","BA",7958431
76,1533,60001643110,"EUNÍCIO LOPES DE OLIVEIRA","EUNÍCIO","MDB",188289,"CEARÁ","CE",5108239
86,4488,60001608894,"MOSES HAENDEL MELO RODRIGUES","MOSES RODRIGUES","UNIÃO",113294,"CEARÁ","CE",5108239
97,1331,70001595679,"ERIKA JUCÁ KOKAY","ERIKA KOKAY","PT",146092,"DISTRITO FEDERAL","DF",1607519
107,1111,80001650200,"JOSIAS MARIO DA VITÓRIA","DA VITÓRIA","PP",71779,"ESPÍRITO SANTO","ES",2084430
116,2022,90001614055,"GLAUSKSTON BATISTA RIOS","GLAUSTIN DA FOKUS","PSC",117981,"GOIÁS","GO",3440515
124,2222,90001652511,"MAGDA MOFATTO HON","MAGDA MOFATTO","PL",81996,"GOIÁS","GO",3440515
135,2020,100001615465,"ALUISIO GUIMARAES MENDES FILHO","ALUISIO MENDES","PSC",126577,"MARANHÃO","MA",3706498
145,1010,100001602015,"CLEBER VERDE CORDEIRO MENDES","CLEBER VERDE","REPUBLICANOS",70275,"MARANHÃO","MA",3706498
154,2222,110001612764,"RUBIA FERNANDA DINIZ ROBSON SANTOS DE SIQUEIRA","CORONEL FERNANDA","PL",60304,"MATO GROSSO","MT",1730277
166,1212,130001606697,"DUDA SALABERT ROSA","DUDA SALABERT","PDT",208332,"MINAS GERAIS","MG",11181098
176,1307,130001607254,"ODAIR JOSÉ DA CUNHA","ODAIR CUNHA","PT",129146,"MINAS GERAIS","MG",11181098
183,7070,130001603563,"LUIS HENRIQUE DE OLIVEIRA RESENDE","LUIS TIBÉ","AVANTE",107523,"MINAS GERAIS","MG",11181098
194,7777,130001612991,"JOSÉ SILVA SOARES","ZÉ SILVA","SOLIDARIEDADE",86042,"MINAS GERAIS","MG",11181098
201,4444,130001607654,"MARCELO EDUARDO FREITAS","DELEGADO MARCELO FREITAS","UNIÃO",82894,"MINAS GERAIS","MG",11181098
215,2215,130001611025,"ROSÂNGELA DE OLIVEIRA CAMPOS REIS","ROSÂNGELA REIS","PL",42009,"MINAS GERAIS","MG",11181098
221,5555,160001622302,"SANDRO ALEX CRUZ DE OLIVEIRA","SANDRO ALEX","PSD",168157,"PARANÁ","PR",6038588
234,4343,160001614510,"ALIEL MACHADO BARK","ALIEL MACHADO","PV",94839,"PARANÁ","PR",6038588
245,1122,160001603297,"DILCEU JOÃO SPERAFICO","DILCEU SPERAFICO","PP",61689,"PARANÁ","PR",6038588
257,4412,150001603195,"DAMIÃO FELICIANO DA SILVA","DR. DAMIÃO","UNIÃO",64023,"PARAÍBA","PB",2190544
269,1510,140001621339,"ANDREIA BRITO GONÇALVES SIQUEIRA","ANDREIA SIQUEIRA","MDB",125004,"PARÁ","PA",4521516
275,5522,140001620801,"RAIMUNDO JOSE PEREIRA DOS SANTOS","RAIMUNDO SANTOS","PSD",62366,"PARÁ","PA",4521516
285,4333,170001609025,"CLODOALDO MAGALHÃES OLIVEIRA LYRA","CLODOALDO MAGALHÃES","PV",110620,"PERNAMBUCO","PE",4969863
296,4004,170001619891,"FELIPE AUGUSTO LYRA CARRERAS","FELIPE  CARRERAS","PSB",76528,"PERNAMBUCO","PE",4969863
305,1111,180001602515,"JULIO FERRAZ ARCOVERDE","JULIO ARCOVERDE","PP",117669,"PIAUÍ","PI",1957483
317,1522,190001644973,"OTONI MOURA DE PAULO JUNIOR","OTONI DE PAULA","MDB",158507,"RIO DE JANEIRO","RJ",8571572
323,2211,190001596781,"CARLOS ROBERTO COELHO DE MATTOS JUNIOR","CARLOS JORDY","PL",114587,"RIO DE JANEIRO","RJ",8571572
335,5555,190001603407,"PEDRO PAULO CARVALHO TEIXEIRA","PEDRO PAULO","PSD",76828,"RIO DE JANEIRO","RJ",8571572
348,5510,190001603404,"HUGO LEAL MELO DA SILVA","HUGO LEAL","PSD",50067,"RIO DE JANEIRO","RJ",8571572
360,5050,210001596928,"FERNANDA MELCHIONNA E SILVA","FERNANDA MELCHIONNA","PSOL",199894,"RIO GRANDE DO SUL","RS",6149822
369,1144,210001646683,"PEDRO BANDARRA WESTPHALEN","PEDRO WESTPHALEN","PP",114258,"RIO GRANDE DO SUL","RS",6149822
380,2234,210001648574,"MARLON ARATOR SANTOS DA ROSA","MARLON SANTOS","PL",85911,"RIO GRANDE DO SUL","RS",6149822
390,1555,220001604140,"LUCIO ANTONIO MOSQUINI","LUCIO MOSQUINI","MDB",48735,"RONDÔNIA","RO",869148
401,4444,230001595281,"ANTONIO CARLOS NICOLETTI","NICOLETTI","UNIÃO",10969,"RORAIMA","RR",291505
408,2323,240001611938,"CARMEN EMÍLIA BONFÁ ZANOTTO","CARMEN ZANOTTO","CIDADANIA",130138,"SANTA CATARINA","SC",3969848
419,4444,240001604521,"FABIO LUIZ SCHIOCHET FILHO","FABIO SCHIOCHET","UNIÃO",51824,"SANTA CATARINA","SC",3969848
430,2222,250001611374,"EDUARDO NANTES BOLSONARO","EDUARDO BOLSONARO","PL",741701,"SÃO PAULO","SP",23286943
439,1818,250001613818,"MARIA OSMARINA MARINA DA SILVA VAZ DE LIMA","MARINA SILVA","REDE",237526,"SÃO PAULO","SP",23286943
451,1122,250001611974,"CARLOS ALBERTO DA CUNHA","DELEGADO DA CUNHA","PP",181568,"SÃO PAULO","SP",23286943
463,1353,250001610688,"NILTO IGNÁCIO TATTO","NILTO TATTO","PT",151861,"SÃO PAULO","SP",23286943
469,1358,250001610663,"ALENCAR SANTANA BRAGA","ALENCAR SANTANA","PT",139223,"SÃO PAULO","SP",23286943
482,2277,250001611371,"MIGUEL LOMBARDI","MIGUEL LOMBARDI","PL",107869,"SÃO PAULO","SP",23286943
491,4440,250001602079,"FERNANDO JOSE DE SOUZA MARANGONI","MARANGONI","UNIÃO",89390,"SÃO PAULO","SP",23286943
502,1000,270001654164,"RICARDO AYRES DE CARVALHO","RICARDO AYRES","REPUBLICANOS",45880,"TOCANTINS","TO",830140
65,2288,50001609371,"JOÃO CARLOS PAOLILO BACELAR FILHO","JOÃO CARLOS BACELAR","PL",90229,"BAHIA","BA",7958431
77,1213,60001603469,"ANTONIO IDILVAN DE LIMA ALENCAR","IDILVAN","PDT",187433,"CEARÁ","CE",5108239
85,4477,60001608882,"FERNANDA ENEIDA PESSOA CARACAS DE SOUZA","FERNANDA PESSOA","UNIÃO",121469,"CEARÁ","CE",5108239
94,4456,60001608898,"DAYANY BITTENCOURT SANTIL","DAYANY DO CAPITÃO","UNIÃO",54526,"CEARÁ","CE",5108239
106,1919,80001604734,"GILSON DANIEL BATISTA","GILSON DANIEL","PODE",74215,"ESPÍRITO SANTO","ES",2084430
114,2210,90001652508,"GUSTAVO GAYER MACHADO DE ARAUJO","GUSTAVO GAYER","PL",200586,"GOIÁS","GO",3440515
125,1555,90001621102,"MARUSSA CASSIA FAVARO BOLDRIN","MARUSSA BOLDRIN","MDB",80464,"GOIÁS","GO",3440515
133,4410,100001610561,"JOSÉ JUSCELINO DOS SANTOS REZENDE FILHO","JUSCELINO FILHO","UNIÃO",142419,"MARANHÃO","MA",3706498
144,5511,100001602275,"JOSIVALDO DOS SANTOS MELO","JOSIVALDO JP","PSD",79699,"MARANHÃO","MA",3706498
155,4422,110001612773,"JONILDO JOSÉ DE ASSIS","CORONEL ASSIS","UNIÃO",47479,"MATO GROSSO","MT",1730277
165,7040,130001608227,"ANDRE LUIS GASPAR JANONES","ANDRÉ JANONES","AVANTE",238967,"MINAS GERAIS","MG",11181098
175,1378,130001607265,"PAULO JOSÉ CARLOS GUEDES","PAULO GUEDES","PT",134494,"MINAS GERAIS","MG",11181098
186,2015,130001671754,"EUCLYDES MARCOS PETTERSEN NETO","EUCLYDES PETTERSEN","PSC",101892,"MINAS GERAIS","MG",11181098
193,1333,130001607244,"PATRUS ANANIAS DE SOUSA","PATRUS ANANIAS","PT",87893,"MINAS GERAIS","MG",11181098
204,2277,130001610990,"EROS FERREIRA BIONDINI","EROS BIONDINI","PL",77900,"MINAS GERAIS","MG",11181098
212,2238,130001610992,"GERALDO JUNIO DO AMARAL","JUNIO AMARAL","PL",59297,"MINAS GERAIS","MG",11181098
223,5590,160001622298,"GILSON CARDOSO FAHUR","SARGENTO FAHUR","PSD",161500,"PARANÁ","PR",6038588
233,1330,160001614525,"ENIO JOSÉ VERRI","ENIO VERRI","PT",95172,"PARANÁ","PR",6038588
241,4455,160001654677,"GERALDO GABRIEL MENDES","GERALDO MENDES","UNIÃO",71990,"PARANÁ","PR",6038588
251,2011,150001612086,"ROMERO RODRIGUES VEIGA","ROMERO RODRIGUES","PSC",114573,"PARAÍBA","PB",2190544
262,1555,140001621340,"JOSE BENITO PRIANTE JUNIOR","PRIANTE","MDB",167275,"PARÁ","PA",4521516
273,1321,140001620904,"AIRTON LUIZ FALEIRO","AIRTON FALEIRO","PT",79862,"PARÁ","PA",4521516
284,1111,170001618611,"EDUARDO HENRIQUE DA FONTE DE ALBUQUERQUE SILVA","EDUARDO DA FONTE","PP",124850,"PERNAMBUCO","PE",4969863
291,4044,170001619893,"JOSE ERIBERTO MEDEIROS DE OLIVEIRA","ERIBERTO MEDEIROS","PSB",99226,"PERNAMBUCO","PE",4969863
300,6513,170001609044,"RENILDO VASCONCELOS CALHEIROS","RENILDO CALHEIROS","PC do B",59686,"PERNAMBUCO","PE",4969863
309,4333,180001610760,"JADYEL SILVA ALENCAR","JADYEL DA JUPI","PV",83175,"PIAUÍ","PI",1957483
321,2222,190001596770,"SORAYA ALENCAR DOS SANTOS","SORAYA SANTOS","PL",130379,"RIO DE JANEIRO","RJ",8571572
331,2256,190001596803,"LUCIANO VIEIRA MENDES","LUCIANO VIEIRA","PL",84942,"RIO DE JANEIRO","RJ",8571572
339,4000,190001645427,"EDUARDO CARVALHO BANDEIRA DE MELLO","BANDEIRA DE MELLO","PSB",72725,"RIO DE JANEIRO","RJ",8571572
349,1111,190001605580,"JULIO LUIZ BAPTISTA LOPES","JULIO LOPES","PP",50019,"RIO DE JANEIRO","RJ",8571572
358,3030,210001597011,"MARCEL VAN HATTEM","MARCEL VAN HATTEM","NOVO",256913,"RIO GRANDE DO SUL","RS",6149822
370,1111,210001646697,"LUIS ANTONIO FRANCISCATTO COVATTI","COVATTI FILHO","PP",112910,"RIO GRANDE DO SUL","RS",6149822
379,2210,210001648581,"UBIRATAN ANTUNES SANDERSON","SANDERSON","PL",86690,"RIO GRANDE DO SUL","RS",6149822
387,1012,210001601591,"FRANCIANE ABADE BAYER MULLER","FRANCIANE BAYER","REPUBLICANOS",40555,"RIO GRANDE DO SUL","RS",6149822
398,1510,230001602809,"DUDA BRITO RAMOS","DUDA RAMOS","MDB",14793,"RORAIMA","RR",291505
409,2233,240001610974,"JULIA PEDROSO ZANATTA","JULIA ZANATTA","PL",111588,"SANTA CATARINA","SC",3969848
418,1510,240001602681,"RAFAEL PEZENTI","RAFAEL PEZENTI","MDB",68208,"SANTA CATARINA","SC",3969848
426,5505,260001619667,"KATARINA FEITOZA LIMA SANTANA","DELEGADA KATARINA","PSD",38135,"SERGIPE","SE",1125093
435,4433,250001602048,"KIM PATROCA KATAGUIRI","KIM KATAGUIRI","UNIÃO",295460,"SÃO PAULO","SP",23286943
446,2227,250001611311,"ROSANA DE OLIVEIRA VALLE","ROSANA VALLE","PL",216437,"SÃO PAULO","SP",23286943
454,4533,250001612092,"PAULO ALEXANDRE PEREIRA BARBOSA","PAULO ALEXANDRE BARBOSA","PSDB",170378,"SÃO PAULO","SP",23286943
465,1322,250001610712,"ARLINDO CHIGNALIA JUNIOR","ARLINDO CHINAGLIA","PT",144108,"SÃO PAULO","SP",23286943
478,1085,250001611851,"VINICIUS RAPOZO DE CARVALHO","VINICIUS CARVALHO","REPUBLICANOS",113009,"SÃO PAULO","SP",23286943
488,2020,250001643871,"GILBERTO NASCIMENTO SILVA","GILBERTO NASCIMENTO","PSC",95077,"SÃO PAULO","SP",23286943
498,1011,270001654159,"ANTONIO POINCARE ANDRADE FILHO","TOINHO ANDRADE","REPUBLICANOS",63813,"TOCANTINS","TO",830140
66,1310,50001605371,"VALMIR CARLOS DA ASSUNÇÃO","VALMIR ASSUNÇÃO","PT",90148,"BAHIA","BA",7958431
74,2255,60001614151,"ANTONIO LUIZ RODRIGUES MANO JUNIOR","JÚNIOR MANO","PL",216531,"CEARÁ","CE",5108239
84,1221,60001603470,"CARLOS MAURO BENEVIDES FILHO","MAURO FILHO","PDT",135038,"CEARÁ","CE",5108239
95,2222,70001615922,"BEATRIZ KICIS TORRENTS DE SORDI","BIA KICIS","PL",214733,"DISTRITO FEDERAL","DF",1607519
104,2222,80001615730,"GILVAN AGUIAR COSTA","GILVAN O FEDERAL DA DIREITA","PL",87994,"ESPÍRITO SANTO","ES",2084430
115,1212,90001609056,"FLÁVIA CARREIRO ALBUQUERQUE MORAIS","FLAVIA MORAIS","PDT",142155,"GOIÁS","GO",3440515
123,1313,90001648112,"RUBENS OTONI GOMIDE","RUBENS OTONI","PT",83539,"GOIÁS","GO",3440515
136,5122,100001608201,"ANTONIO DA CRUZ FILGUEIRA NETO","MARRECA FILHO","PATRIOTA",116246,"MARANHÃO","MA",3706498
143,1340,100001613704,"RUBENS PEREIRA E SILVA JUNIOR","RUBENS PEREIRA JR","PT",91872,"MARANHÃO","MA",3706498
156,2222,120001614258,"MARCOS SBOROWSKI POLLON","MARCOS POLLON","PL",103111,"MATO GROSSO DO SUL","MS",1356862
164,2222,130001611005,"NIKOLAS FERREIRA DE OLIVEIRA","NIKOLAS FERREIRA","PL",1492047,"MINAS GERAIS","MG",11181098
174,1122,130001615436,"ANTONIO PINHEIRO NETO","PINHEIRINHO","PP",136575,"MINAS GERAIS","MG",11181098
182,7011,130001603592,"GREYCE DE QUEIROZ ELIAS","GREYCE ELIAS","AVANTE",110346,"MINAS GERAIS","MG",11181098
189,5544,130001604328,"STEFANO AGUIAR DOS SANTOS","STEFANO AGUIAR","PSD",96503,"MINAS GERAIS","MG",11181098
199,1339,130001607253,"MIGUEL ÂNGELO MONTEIRO ANDRADE","MIGUEL ÂNGELO","PT",84173,"MINAS GERAIS","MG",11181098
208,1080,130001619781,"LAFAYETTE LUIZ DOORGAL DE ANDRADA","LAFAYETTE ANDRADA","REPUBLICANOS",68677,"MINAS GERAIS","MG",11181098
220,5501,160001622285,"CARLOS ALBERTO GEBRIM PRETO","BETO PRETO","PSD",206898,"PARANÁ","PR",6038588
230,1151,160001603317,"RICARDO JOSÉ MAGALHÃES BARROS","RICARDO BARROS","PP",107022,"PARANÁ","PR",6038588
238,5511,160001622297,"LUÍSA CANZIANI DOS SANTOS SILVEIRA","LUÍSA CANZIANI","PSD",74643,"PARANÁ","PR",6038588
250,1144,150001612074,"FRANCISCO EMERSON ASSIS DE LUCENA","MERSINHO LUCENA","PP",114818,"PARAÍBA","PB",2190544
260,2222,140001598311,"EDER MAURO CARDOSO BARRA","DELEGADO EDER MAURO","PL",205543,"PARÁ","PA",4521516
271,2217,140001598314,"LENILDO MENDES DOS SANTOS SERTÃO","DELEGADO CAVEIRA","PL",106349,"PARÁ","PA",4521516
281,7070,170001610411,"WALDEMAR DE ANDRADA IGNÁCIO DE OLIVEIRA","WALDEMAR OLIVEIRA","AVANTE",141386,"PERNAMBUCO","PE",4969863
293,4011,170001619894,"LUCAS CAVALCANTI RAMOS","LUCAS RAMOS","PSB",85571,"PERNAMBUCO","PE",4969863
301,5555,180001602553,"JULIO CÉSAR DE CARVALHO LIMA","JULIO CÉSAR","PSD",134863,"PIAUÍ","PI",1957483
311,4412,190001619522,"DANIELA MOTÉ DE SOUZA CARNEIRO","DANIELA DO WAGUINHO","UNIÃO",213706,"RIO DE JANEIRO","RJ",8571572
322,5050,190001600473,"FRANCISCO RODRIGUES DE ALENCAR FILHO","CHICO ALENCAR","PSOL",115023,"RIO DE JANEIRO","RJ",8571572
329,2282,190001738867,"ROBERTO LUIZ RODRIGUES DE OLIVEIRA","ROBERTO MONTEIRO PAI","PL",94221,"RIO DE JANEIRO","RJ",8571572
341,2233,190001596802,"LUIZ EDUARDO CARNEIRO DA SILVA DE SOUZA LIMA","LUIZ LIMA","PL",69088,"RIO DE JANEIRO","RJ",8571572
351,5566,190001603423,"MARIA LAURA MONTEZA DE SOUZA CARNEIRO","LAURA CARNEIRO","PSD",48073,"RIO DE JANEIRO","RJ",8571572
361,2222,210001648591,"GIOVANI CHERINI","GIOVANI CHERINI","PL",162036,"RIO GRANDE DO SUL","RS",6149822
368,2323,210001620037,"ANY MACHADO ORTIZ","ANY ORTIZ","CIDADANIA",119039,"RIO GRANDE DO SUL","RS",6149822
377,1311,210001604656,"ALEXANDRE DUARTE LINDENMEYER","ALEXANDRE LINDENMEYER","PT",93768,"RIO GRANDE DO SUL","RS",6149822
388,4422,220001600708,"FERNANDO RODRIGUES MÁXIMO","DR FERNANDO MÁXIMO","UNIÃO",85604,"RONDÔNIA","RO",869148
399,1077,230001600112,"STÉLIO DENER DE SOUZA CRUZ","DEFENSOR STÉLIO DENER","REPUBLICANOS",14193,"RORAIMA","RR",291505
410,5577,240001611140,"ISMAEL DOS SANTOS","ISMAEL","PSD",110531,"SANTA CATARINA","SC",3969848
421,2244,260001737580,"ICARO BARBOSA COSTA","ICARO DE VALMIR","PL",75912,"SERGIPE","SE",1125093
433,4040,250001620281,"TABATA CLAUDIA AMARAL DE PONTES","TABATA AMARAL","PSB",337873,"SÃO PAULO","SP",23286943
443,5000,250001613762,"SÂMIA DE SOUZA BOMFIM","SÂMIA BOMFIM","PSOL",226187,"SÃO PAULO","SP",23286943
453,4407,250001602037,"FELIPE BECARI COMENALE","FELIPE BECARI","UNIÃO",178777,"SÃO PAULO","SP",23286943
462,2274,250001611329,"JEFFERSON ALVES DE CAMPOS","JEFFERSON CAMPOS","PL",155336,"SÃO PAULO","SP",23286943
473,1398,250001610668,"LUIZ PAULO TEIXEIRA FERREIRA","PAULO TEIXEIRA","PT",122800,"SÃO PAULO","SP",23286943
485,1055,250001611872,"MILTON VIEIRA PINTO","MILTON VIEIRA","REPUBLICANOS",98557,"SÃO PAULO","SP",23286943
492,4000,250001620296,"JONAS DONIZETTE FERREIRA","JONAS DONIZETTE","PSB",84044,"SÃO PAULO","SP",23286943
503,2222,270001643553,"FILIPE MARTINS DOS SANTOS","FILIPE MARTINS","PL",36293,"TOCANTINS","TO",830140
67,1000,50001619841,"ROGERIA DE ALMEIDA PEREIRA DOS SANTOS","ROGERIA SANTOS","REPUBLICANOS",82012,"BAHIA","BA",7958431
78,1322,60001619124,"JOSE NOBRE GUIMARAES","GUIMARÃES DO PT","PT",186136,"CEARÁ","CE",5108239
87,1234,60001603484,"ANDRÉ PEIXOTO FIGUEIREDO LIMA","ANDRÉ FIGUEIREDO","PDT",111886,"CEARÁ","CE",5108239
96,1020,70001615666,"DAVYS FREDERICO TEIXEIRA LINHARES","FRED LINHARES","REPUBLICANOS",165358,"DISTRITO FEDERAL","DF",1607519
105,1122,80001650199,"EVAIR VIEIRA DE MELO","EVAIR DE MELO","PP",75034,"ESPÍRITO SANTO","ES",2084430
117,1123,90001700974,"JOSÉ NELTO LAGARES DAS MERCÊZ","JOSÉ NELTO","PP",104504,"GOIÁS","GO",3440515
127,1010,90001651357,"JEFERSON RODRIGUES LEMOS","JEFERSON RODRIGUES","REPUBLICANOS",56026,"GOIÁS","GO",3440515
141,1919,100001614966,"FÁBIO HENRIQUE DIAS DE MACEDO","FÁBIO MACEDO","PODE",95270,"MARANHÃO","MA",3706498
149,2230,110001612761,"ABILIO JACQUES BRUNINI MOUMER","ABÍLIO","PL",87072,"MATO GROSSO","MT",1730277
161,4512,120001612322,"DAGOBERTO NOGUEIRA FILHO","DAGOBERTO","PSDB",48217,"MATO GROSSO DO SUL","MS",1356862
169,5555,130001604337,"DIEGO LEONARDO DE ANDRADE CARVALHO","DIEGO ANDRADE","PSD",170181,"MINAS GERAIS","MG",11181098
185,1510,130001668913,"NEWTON CARDOSO JÚNIOR","NEWTON CARDOSO JR","MDB",103056,"MINAS GERAIS","MG",11181098
195,1334,130001607270,"DANDARA TONANTZIN SILVA CASTRO","DANDARA","PT",86034,"MINAS GERAIS","MG",11181098
206,1314,130001607240,"ANA CRISTINA DE LIMA PIMENTEL","ANA PIMENTEL","PT",72698,"MINAS GERAIS","MG",11181098
214,2233,130001611001,"LINCOLN DINIZ PORTELA","LINCOLN PORTELA","PL",42328,"MINAS GERAIS","MG",11181098
226,1363,160001614521,"ANA CAROLINA MOURA MELO DARTORA","CAROL DARTORA","PT",130654,"PARANÁ","PR",6038588
237,5500,160001622296,"LEANDRE DAL PONTE","LEANDRE","PSD",80359,"PARANÁ","PR",6038588
249,2210,150001718239,"GILBERTO GOMES DA SILVA","CABO GILBERTO SILVA","PL",126876,"PARAÍBA","PB",2190544
259,1567,140001621346,"ALESSANDRA HABER CARVALHO SANTOS","DRA ALESSANDRA HABER","MDB",258907,"PARÁ","PA",4521516
268,1512,140001621344,"KENISTON DE JESUS REGO BRAGA","KENISTON","MDB",126027,"PARÁ","PA",4521516
279,1010,170001595473,"SILVIO SERAFIM COSTA FILHO","SILVIO COSTA FILHO","REPUBLICANOS",162056,"PERNAMBUCO","PE",4969863
288,1000,170001595454,"AUGUSTO RODRIGUES COUTINHO DE MELO","AUGUSTO COUTINHO","REPUBLICANOS",101142,"PERNAMBUCO","PE",4969863
298,4444,170001609112,"LUCIANO CALDAS BIVAR","LUCIANO BIVAR","UNIÃO",74425,"PERNAMBUCO","PE",4969863
308,1110,180001602514,"ÁTILA DE MELO LIRA","ATILA","PP",92791,"PIAUÍ","PI",1957483
318,1300,190001619207,"LUIZ LINDBERGH FARIAS FILHO","LINDBERGH FARIAS","PT",152219,"RIO DE JANEIRO","RJ",8571572
327,7733,190001601720,"AUREO LIDIO MOREIRA RIBEIRO","AUREO RIBEIRO","SOLIDARIEDADE",103321,"RIO DE JANEIRO","RJ",8571572
338,1100,190001605581,"MARCELO ANDRÉ CID HERÁCLITO DO PORTO QUEIROZ","MARCELO QUEIROZ","PP",73728,"RIO DE JANEIRO","RJ",8571572
343,1216,190001640612,"MARCOS PAULO BARBOSA TAVARES","MARCOS TAVARES","PDT",62086,"RIO DE JANEIRO","RJ",8571572
357,1022,210001601587,"LUCIANO LORENZINI ZUCCO","TENENTE CORONEL ZUCCO","REPUBLICANOS",259023,"RIO GRANDE DO SUL","RS",6149822
367,4511,210001620059,"LUCAS BELLO REDECKER","LUCAS REDECKER","PSDB",119069,"RIO GRANDE DO SUL","RS",6149822
381,2214,210001648576,"MARCELO PIRES MORAES","MARCELO MORAES","PL",84247,"RIO GRANDE DO SUL","RS",6149822
391,4444,220001600707,"MAURICIO FONSECA RIBEIRO CARVALHO DE MORAES","MAURÍCIO CARVALHO","UNIÃO",32637,"RONDÔNIA","RO",869148
400,1099,230001600114,"JOSÉ FRANCISCO LOPES DE ALBUQUERQUE","ALBUQUERQUE","REPUBLICANOS",14015,"RORAIMA","RR",291505
411,2211,240001610972,"DANIEL COSTA DE FREITAS","DANIEL FREITAS","PL",108001,"SANTA CATARINA","SC",3969848
420,4444,260001728384,"YANDRA BARRETO FERREIRA","YANDRA DE ANDRÉ","UNIÃO",131471,"SERGIPE","SE",1125093
434,1000,250001611882,"CELSO UBIRAJARA RUSSOMANNO","CELSO RUSSOMANNO","REPUBLICANOS",305520,"SÃO PAULO","SP",23286943
444,2270,250001611335,"MARCO ANTONIO FELICIANO","PASTOR MARCO FELICIANO","PL",220595,"SÃO PAULO","SP",23286943
456,1301,250001610705,"FRANCISCO DANIEL CELEGUIM DE MORAIS","KIKO CELEGUIM","PT",167438,"SÃO PAULO","SP",23286943
468,1354,250001610710,"ALEXANDRE ROCHA SANTOS PADILHA","ALEXANDRE PADILHA","PT",140037,"SÃO PAULO","SP",23286943
474,2208,250001611324,"MARIO LUIS FRIAS","MARIO FRIAS","PL",122564,"SÃO PAULO","SP",23286943
483,4510,250001612095,"VITOR LIPPI","VITOR LIPPI","PSDB",106661,"SÃO PAULO","SP",23286943
493,2243,250001611333,"LUIZ PHILIPPE DE ORLEANS E BRAGANÇA","LUIZ PHILIPPE DE O BRAGANÇA","PL",79210,"SÃO PAULO","SP",23286943
500,1088,270001654160,"JOSÉ ALEXANDRE DOMINGUES GUIMARÃES","ALEXANDRE GUIMARÃES","REPUBLICANOS",54703,"TOCANTINS","TO",830140
68,4411,50001634592,"LEUR ANTONIO DE BRITTO LOMANTO JUNIOR","LEUR LOMANTO JR","UNIÃO",82004,"BAHIA","BA",7958431
75,5511,60001601189,"CÉLIO STUDART BARBOSA","CÉLIO STUDART","PSD",205106,"CEARÁ","CE",5108239
88,1214,60001603472,"EDUARDO HENRIQUE MAIA BISMARCK","EDUARDO BISMARCK","PDT",102287,"CEARÁ","CE",5108239
98,1515,70001650514,"RAFAEL CAVALCANTI PRUDENTE","RAFAEL PRUDENTE","MDB",121307,"DISTRITO FEDERAL","DF",1607519
111,4040,80001620975,"PAULO ROBERTO FOLETTO","PAULO FOLETTO","PSB",48776,"ESPÍRITO SANTO","ES",2084430
122,4480,90001614746,"ZACARIAS CALIL HAMU","DR ZACHARIAS CALIL","UNIÃO",87919,"GOIÁS","GO",3440515
131,4444,100001610559,"PEDRO LUCAS ANDRADE FERNANDES RIBEIRO","PEDRO LUCAS FERNANDES","UNIÃO",159786,"MARANHÃO","MA",3706498
137,4010,100001607052,"HILDELIS SILVA DUARTE JUNIOR","DUARTE","PSB",111019,"MARANHÃO","MA",3706498
151,1520,110001623293,"JUAREZ ALVES DA COSTA","JUAREZ COSTA","MDB",77528,"MATO GROSSO","MT",1730277
159,1331,120001652595,"VANDER LUIZ DOS SANTOS LOUBET","VANDER LOUBET","PT",76571,"MATO GROSSO DO SUL","MS",1356862
171,2200,130001610999,"JOSÉ VITOR DE RESENDE AGUIAR","ZÉ VITOR","PL",152748,"MINAS GERAIS","MG",11181098
179,1515,130001668912,"HERCILIO ARAUJO DINIZ FILHO","HERCILIO COELHO DINIZ","MDB",122819,"MINAS GERAIS","MG",11181098
192,5193,130001596021,"PEDRO DOSHIKAZU PIANCHAO AIHARA","PEDRO AIHARA","PATRIOTA",89404,"MINAS GERAIS","MG",11181098
205,1999,130001634117,"IGOR TARCIANO TIMO","IGOR TIMO","PODE",74465,"MINAS GERAIS","MG",11181098
213,7010,130001603582,"IONE MARIA MOREIRA DIAS BARBOSA","DELEGADA IONE BARBOSA","AVANTE",52630,"MINAS GERAIS","MG",11181098
225,4411,160001654671,"MATHEUS ARAUJO LAIOLA","DELEGADO MATHEUS LAIOLA","UNIÃO",132759,"PARANÁ","PR",6038588
235,1331,160001614523,"ANTONIO TADEU VENERI","TADEU VENERI","PT",84758,"PARANÁ","PR",6038588
244,4545,160001603723,"CARLOS ALBERTO RICHA","BETO RICHA","PSDB",64868,"PARANÁ","PR",6038588
254,2030,150001612089,"RUY MANUEL CARNEIRO BARBOSA DE AÇA BELCHIOR","RUY CARNEIRO","PSC",102531,"PARAÍBA","PB",2190544
264,5588,140001620797,"JOÃO FERRARI JÚNIOR","JÚNIOR FERRARI","PSD",160342,"PARÁ","PA",4521516
272,1500,140001621345,"OLIVAL HENRIQUE MARQUES DE SOUZA","OLIVAL MARQUES","MDB",102435,"PARÁ","PA",4521516
282,1818,170001619597,"TÚLIO GADELHA SALES DE MELO","TÚLIO GADELHA","REDE",134391,"PERNAMBUCO","PE",4969863
294,4019,170001619889,"GUILHERME ARISTOTELES UCHOA CAVALCANTI PESSOA DE MELO JUNIOR","GUILHERME UCHOA JUNIOR","PSB",84592,"PERNAMBUCO","PE",4969863
304,1311,180001610756,"REJANE RIBEIRO SOUSA DIAS","REJANE DIAS","PT",125774,"PIAUÍ","PI",1957483
315,2269,190001596785,"ALTINEU CORTES FREITAS COUTINHO","ALTINEU CORTES","PL",167512,"RIO DE JANEIRO","RJ",8571572
328,5588,190001603437,"DANIEL RICARDO SORANZ PINTO","DANIEL SORANZ","PSD",98784,"RIO DE JANEIRO","RJ",8571572
336,1033,190001644815,"ROSANGELA DE SOUZA GOMES","ROSANGELA GOMES","REPUBLICANOS",76292,"RIO DE JANEIRO","RJ",8571572
347,2214,190001596798,"CHRISTINE NOGUEIRA DOS REIS TONIETTO","CHRIS TONIETTO","PL",52583,"RIO DE JANEIRO","RJ",8571572
355,1333,190001619218,"REIMONT LUIZ OTONI SANTA BÁRBARA","REIMONT","PT",39325,"RIO DE JANEIRO","RJ",8571572
365,1355,210001604643,"DIONILSO MATEUS MARCON","MARCON","PT",129352,"RIO GRANDE DO SUL","RS",6149822
372,1522,210001647859,"OSMAR GASPARINI TERRA","OSMAR TERRA","MDB",103245,"RIO GRANDE DO SUL","RS",6149822
384,1200,210001621256,"AFONSO ANTUNES DA MOTTA","AFONSO MOTTA","PDT",70307,"RIO GRANDE DO SUL","RS",6149822
396,1011,230001600111,"JOHNATHAN PEREIRA DE JESUS","JHONATAN DE JESUS","REPUBLICANOS",19881,"RORAIMA","RR",291505
406,2222,240001610977,"JORGE GOETTEN DE LIMA","JORGE GOETTEN","PL",159339,"SANTA CATARINA","SC",3969848
415,1570,240001602683,"CARLOS ALBERTO CHIODINI","CARLOS CHIODINI","MDB",80089,"SANTA CATARINA","SC",3969848
427,1022,260001618173,"ANDRE DAVID CALDAS ROSA RODRIGUES","DELEGADO ANDRE DAVID","REPUBLICANOS",31597,"SERGIPE","SE",1125093
438,2290,250001611359,"GUILHERME MURARO DERRITE","CAPITÃO DERRITE","PL",239772,"SÃO PAULO","SP",23286943
448,1313,250001610672,"RUI GOETHE DA COSTA FALCÃO","RUI FALCÃO","PT",193990,"SÃO PAULO","SP",23286943
455,2200,250001611357,"JOSÉ AUGUSTO ROSA","CAPITÃO AUGUSTO","PL",168740,"SÃO PAULO","SP",23286943
467,1910,250001610270,"BRUNO AREVALO GANEM","BRUNO GANEM","PODE",141595,"SÃO PAULO","SP",23286943
476,5021,250001613809,"LUIZA ERUNDINA DE SOUSA","LUIZA ERUNDINA","PSOL",113983,"SÃO PAULO","SP",23286943
489,1022,250001611846,"MARIA DO PARTO MENDES ROSAS","MARIA ROSAS","REPUBLICANOS",94787,"SÃO PAULO","SP",23286943
499,1111,270001643407,"VICENTE ALVES DE OLIVEIRA JUNIOR","VICENTINHO JUNIOR","PP",55292,"TOCANTINS","TO",830140
69,4422,50001634584,"JOSÉ ALVES ROCHA","JOSÉ ROCHA","UNIÃO",78833,"BAHIA","BA",7958431
80,5555,60001601183,"DOMINGOS GOMES DE AGUIAR NETO","DOMINGOS NETO","PSD",175074,"CEARÁ","CE",5108239
91,4447,60001608893,"FRANCISCO DANILO BASTOS FORTE","DANILO FORTE","UNIÃO",88470,"CEARÁ","CE",5108239
102,1015,70001615669,"GILVAM MAXIMO","GILVAN MAXIMO","REPUBLICANOS",20923,"DISTRITO FEDERAL","DF",1607519
110,1300,80001719422,"JACKELINE OLIVEIRA ROCHA","JACK ROCHA","PT",51317,"ESPÍRITO SANTO","ES",2084430
118,1331,90001648110,"ADRIANA SAUTHIER ACCORSI","DELEGADA ADRIANA ACCORSI","PT",96714,"GOIÁS","GO",3440515
128,5500,90001651581,"ISMAEL ALEXANDRINO JUNIOR","DR ISMAEL ALEXANDRINO ","PSD",54791,"GOIÁS","GO",3440515
138,1100,100001608073,"AMANDA KELLY GENTIL GUIMARÃES ROSA","AMANDA GENTIL ","PP",108699,"MARANHÃO","MA",3706498
147,1212,100001601143,"MARCIO JOSE HONAISER","MÁRCIO HONAISER","PDT",54547,"MARANHÃO","MA",3706498
157,4545,120001612323,"HUMBERTO REZENDE PEREIRA","BETO PEREIRA","PSDB",97872,"MATO GROSSO DO SUL","MS",1356862
167,1312,130001607277,"REGINALDO LÁZARO DE OLIVEIRA LOPES","REGINALDO LOPES","PT",196760,"MINAS GERAIS","MG",11181098
177,9090,130001607568,"WELITON FERNANDES PRADO","WELITON PRADO","PROS",126214,"MINAS GERAIS","MG",11181098
188,7077,130001603602,"BRUNO SOUZA FARIAS","BRUNO FARIAS","AVANTE",97246,"MINAS GERAIS","MG",11181098
200,2210,130001611021,"MAURICIO LUIZ DE SOUZA","MAURICIO DO VOLEI","PL",83396,"MINAS GERAIS","MG",11181098
207,1234,130001606709,"MÁRIO LÚCIO HERINGER","DR MÁRIO HERINGER","PDT",68717,"MINAS GERAIS","MG",11181098
218,1313,160001614512,"GLEISI HELENA HOFFMANN","GLEISI","PT",261247,"PARANÁ","PR",6038588
228,1199,160001603306,"SEBASTIÃO HENRIQUE DE MEDEIROS","TIÃO MEDEIROS","PP",109344,"PARANÁ","PR",6038588
240,5522,160001622293,"LUIZ HILOSHI NISHIMORI","LUIZ NISHIMORI","PSD",73202,"PARANÁ","PR",6038588
246,4433,160001654666,"NELSON FERNANDO PADOVANI","PADOVANI","UNIÃO",57185,"PARANÁ","PR",6038588
258,1312,150001619538,"LUIZ ALBUQUERQUE COUTO","LUIZ COUTO","PT",54851,"PARAÍBA","PB",2190544
265,1313,140001620897,"DILVANDA FURTADO FARO","DILVANDA FARO","PT",150065,"PARÁ","PA",4521516
277,1122,170001618605,"ERICA CLARISSA BORBA CORDEIRO DE MOURA","CLARISSA TÉRCIO","PP",240511,"PERNAMBUCO","PE",4969863
286,7713,170001610574,"MARIA LEAL ARRAES DE ALENCAR","MARIA ARRAES","SOLIDARIEDADE",104571,"PERNAMBUCO","PE",4969863
297,4433,170001609111,"JOSÉ MENDONÇA BEZERRA FILHO","MENDONÇA FILHO","UNIÃO",76022,"PERNAMBUCO","PE",4969863
307,1312,180001610759,"FLAVIO RODRIGUES NOGUEIRA","FLAVIO NOGUEIRA","PT",100151,"PIAUÍ","PI",1957483
316,5000,190001600488,"TARCÍSIO MOTTA DE CARVALHO","TARCÍSIO MOTTA","PSOL",159928,"RIO DE JANEIRO","RJ",8571572
324,1377,190001619202,"BENEDITA SOUZA DA SILVA SAMPAIO","BENEDITA DA SILVA","PT",113831,"RIO DE JANEIRO","RJ",8571572
333,5080,190001600475,"GLAUBER DE MEDEIROS BRAGA","GLAUBER","PSOL",78048,"RIO DE JANEIRO","RJ",8571572
346,5033,190001600477,"HENRIQUE DOS SANTOS VIEIRA LIMA","PASTOR HENRIQUE VIEIRA","PSOL",53933,"RIO DE JANEIRO","RJ",8571572
353,1301,190001619193,"DIMAS DE PAIVA GADELHA JUNIOR","DIMAS GADELHA","PT",41238,"RIO DE JANEIRO","RJ",8571572
362,1370,210001604650,"MARIA DO ROSÁRIO NUNES","MARIA DO ROSÁRIO","PT",151050,"RIO GRANDE DO SUL","RS",6149822
376,5501,210001613990,"DANRLEI DE DEUS HINTERHOLZ","DANRLEI DE DEUS GOLEIRO","PSD",97824,"RIO GRANDE DO SUL","RS",6149822
382,4012,210001596984,"HEITOR JOSÉ SCHUCH","HEITOR SCHUCH","PSB",77616,"RIO GRANDE DO SUL","RS",6149822
392,2210,220001643595,"JOÃO CHRISÓSTOMO DE MOURA","CORONEL CHRISÓSTOMO","PL",24406,"RONDÔNIA","RO",869148
404,2200,240001610965,"CAROLINE RODRIGUES DE TONI","CAROL DE TONI","PL",227632,"SANTA CATARINA","SC",3969848
412,1560,240001602679,"VALDIR VITAL COBALCHINI","COBALCHINI","MDB",98124,"SANTA CATARINA","SC",3969848
424,4477,260001646377,"RODRIGO SANTANA VALADARES","RODRIGO VALADARES","UNIÃO",49696,"SERGIPE","SE",1125093
429,2210,250001611365,"CARLA ZAMBELLI SALGADO DE OLIVEIRA","CARLA ZAMBELLI","PL",946244,"SÃO PAULO","SP",23286943
442,1010,250001611863,"MARCOS ANTONIO PEREIRA","MARCOS PEREIRA","REPUBLICANOS",231626,"SÃO PAULO","SP",23286943
450,2299,250001611336,"MARCIO LUIZ ALVINO DE SOUZA","MARCIO ALVINO","PL",187314,"SÃO PAULO","SP",23286943
461,1355,250001610678,"LUIZ MARINHO","LUIZ MARINHO","PT",156202,"SÃO PAULO","SP",23286943
472,1333,250001610673,"JULIANA CARDOSO","JULIANA CARDOSO","PT",125517,"SÃO PAULO","SP",23286943
481,1977,250001610316,"RODRIGO GAMBALE VIEIRA","RODRIGO GAMBALE","PODE",108209,"SÃO PAULO","SP",23286943
494,2211,250001611362,"ANTONIO CARLOS RODRIGUES","ANTONIO CARLOS RODRIGUES","PL",73054,"SÃO PAULO","SP",23286943
501,4444,270001643519,"CARLOS HENRIQUE AMORIM","CARLOS GAGUIM","UNIÃO",52203,"TOCANTINS","TO",830140
70,7000,50001602958,"MANOEL ISIDÓRIO DE SANTANA JÚNIOR","PASTOR SARGENTO ISIDÓRIO","AVANTE",77164,"BAHIA","BA",7958431
79,1313,60001619128,"LUIZIANNE DE OLIVEIRA LINS","LUIZIANNE LINS","PT",182232,"CEARÁ","CE",5108239
89,5533,60001601188,"LUIZ GASTÃO BITTENCOURT DA SILVA","LUIZ GASTÃO","PSD",96537,"CEARÁ","CE",5108239
101,2225,70001615924,"JOÃO ALBERTO FRAGA SILVA","FRAGA","PL",28825,"DISTRITO FEDERAL","DF",1607519
113,4444,90001614749,"SILVYE ALVES DA SILVA","SILVYE ALVES","UNIÃO",254653,"GOIÁS","GO",3440515
126,2255,90001652507,"DANIEL VIEIRA RAMOS","DANIEL AGROBOM","PL",70529,"GOIÁS","GO",3440515
134,1111,100001608075,"ANDRÉ LUIZ CARVALHO RIBEIRO","ANDRÉ FUFUCA","PP",135078,"MARANHÃO","MA",3706498
146,2244,100001603099,"GILDENEMIR DE LIMA SOUSA","PASTOR  GIL","PL",69530,"MARANHÃO","MA",3706498
152,1555,110001623300,"EMANUEL PINHEIRO DA SILVA PRIMO TEIXEIRA","EMANUELZINHO","MDB",74720,"MATO GROSSO","MT",1730277
162,1122,120001645933,"LUIZ ALBERTO OVANDO","DR. LUIZ OVANDO","PP",45491,"MATO GROSSO DO SUL","MS",1356862
172,5505,130001604325,"MISAEL ARTUR FERREIRA VARELLA","MISAEL VARELLA","PSD",149398,"MINAS GERAIS","MG",11181098
180,4450,130001607620,"RODRIGO BATISTA DE CASTRO","RODRIGO DE CASTRO","UNIÃO",122571,"MINAS GERAIS","MG",11181098
190,1111,130001615433,"DIMAS FABIANO TOLEDO JUNIOR","DIMAS FABIANO","PP",96395,"MINAS GERAIS","MG",11181098
197,4500,130001613348,"AÉCIO NEVES DA CUNHA","AÉCIO NEVES","PSDB",85341,"MINAS GERAIS","MG",11181098
210,1919,130001634141,"NELI PEREIRA DE AQUINO","NELY AQUINO","PODE",66866,"MINAS GERAIS","MG",11181098
219,2201,160001622028,"FILIPE BARROS BAPTISTA DE TOLEDO RIBEIRO","FILIPE BARROS","PL",249507,"PARANÁ","PR",6038588
227,1310,160001614527,"JOSE CARLOS BECKER DE OLIVEIRA E SILVA","ZECA DIRCEU","PT",123033,"PARANÁ","PR",6038588
236,5512,160001622301,"PAULO HENRIQUE COLETTI FERNANDES","PAULO LITRO","PSD",82707,"PARANÁ","PR",6038588
248,1111,150001612065,"AGUINALDO VELLOSO BORGES RIBEIRO","AGUINALDO RIBEIRO","PP",135001,"PARAÍBA","PB",2190544
255,1010,150001619548,"JOSÉ WILSON SANTIAGO","WILSON SANTIAGO","REPUBLICANOS",84407,"PARAÍBA","PB",2190544
267,1511,140001621342,"ANTONIO LEOCADIO DOS SANTOS","ANTONIO DOIDO","MDB",126535,"PARÁ","PA",4521516
278,4040,170001619899,"PEDRO HENRIQUE DE ANDRADE LIMA CARNEIRO CAMPOS","PEDRO CAMPOS","PSB",172526,"PERNAMBUCO","PE",4969863
289,2200,170001609087,"FRANCISCO EURICO DA SILVA","PASTOR EURICO","PL",100811,"PERNAMBUCO","PE",4969863
303,5510,180001602552,"JOSÉ DIAS DE CASTRO NETO","CASTRO NETO","PSD",127753,"PIAUÍ","PI",1957483
313,5077,190001600487,"TALÍRIA PETRONE SOARES","TALIRIA PETRONE","PSOL",198548,"RIO DE JANEIRO","RJ",8571572
326,1000,190001644820,"MARCELO BEZERRA CRIVELLA","MARCELO CRIVELLA","REPUBLICANOS",110450,"RIO DE JANEIRO","RJ",8571572
337,4477,190001619524,"DANIELLE DYTZ DA CUNHA","DANI CUNHA","UNIÃO",75810,"RIO DE JANEIRO","RJ",8571572
344,1011,190001644796,"JORGE BRAZ DE OLIVEIRA","JORGE BRAZ","REPUBLICANOS",59201,"RIO DE JANEIRO","RJ",8571572
354,1433,190001603087,"CARLOS ROBERTO RODRIGUES","BEBETO","PTB",41075,"RIO DE JANEIRO","RJ",8571572
366,1500,210001647853,"ALCEU MOREIRA DA SILVA","ALCEU MOREIRA","MDB",125647,"RIO GRANDE DO SUL","RS",6149822
373,1010,210001601602,"ANTONIO CARLOS GOMES DA SILVA","CARLOS GOMES","REPUBLICANOS",102363,"RIO GRANDE DO SUL","RS",6149822
385,4444,210001601877,"LUIZ CARLOS GHIORZZI BUSATO","BUSATO","UNIÃO",57610,"RIO GRANDE DO SUL","RS",6149822
394,4412,220001600709,"CRISTIANE LOPES DA LUZ BENARROSH","CRISTIANE LOPES","UNIÃO",22806,"RONDÔNIA","RO",869148
402,5555,230001600149,"JOSÉ HAROLDO FIGUEIREDO CAMPOS","ZÉ HAROLDO CATHEDRAL","PSD",10361,"RORAIMA","RR",291505
413,3050,240001597412,"GILSON MARQUES VIEIRA","GILSON MARQUES","NOVO",87894,"SANTA CATARINA","SC",3969848
423,1077,260001618176,"LUIZ AUGUSTO CARVALHO RIBEIRO FILHO","GUSTINHO RIBEIRO","REPUBLICANOS",71831,"SERGIPE","SE",1125093
431,2250,250001611315,"RICARDO DE AQUINO SALLES","RICARDO SALLES","PL",640918,"SÃO PAULO","SP",23286943
441,1580,250001611254,"FÁBIO EDUARDO DE OLIVEIRA TERUEL","FABIO TERUEL","MDB",235165,"SÃO PAULO","SP",23286943
452,1919,250001610258,"RENATA HELLMEISTER DE ABREU MELO","RENATA ABREU","PODE",180247,"SÃO PAULO","SP",23286943
459,5500,250001604939,"MARCO AURELIO BERTAIOLLI","MARCO BERTAIOLLI","PSD",157552,"SÃO PAULO","SP",23286943
471,1100,250001611990,"MANOEL MAURICIO SILVA NEVES","MAURICIO NEVES","PP",129731,"SÃO PAULO","SP",23286943
480,3030,250001597671,"ADRIANA MIGUEL VENTURA","ADRIANA VENTURA","NOVO",109474,"SÃO PAULO","SP",23286943
490,4411,250001602056,"DAVID BEZERRA RIBEIRO SOARES","DAVID SOARES","UNIÃO",93831,"SÃO PAULO","SP",23286943
504,2200,270001643551,"ELI DIAS BORGES","ELI BORGES","PL",35171,"TOCANTINS","TO",830140
